country,NUTS,ref_area,label,sto,vintage,time_period,obs_value
DK,0,DK,Denmark,B1G,2014,2012,1607796.115
DK,0,DK,Denmark,B1G,2014,2013,1625585.849
DK,0,DK,Denmark,B6N,2014,2012,821808.2002
DK,0,DK,Denmark,D1,2014,2012,978804.0904
DK,0,DK,Denmark,EMP,2014,2012,2748.483924
DK,0,DK,Denmark,EMP,2014,2013,2748.804595
DK,0,DK,Denmark,B1G,2015,2012,1623709
DK,0,DK,Denmark,B1G,2015,2013,1643295
DK,0,DK,Denmark,B1G,2015,2014,1680251
DK,0,DK,Denmark,B6N,2015,2012,824078
DK,0,DK,Denmark,B6N,2015,2013,823394
DK,0,DK,Denmark,D1,2015,2012,977516
DK,0,DK,Denmark,D1,2015,2013,989948
DK,0,DK,Denmark,EMP,2015,2012,2740
DK,0,DK,Denmark,EMP,2015,2013,2743
DK,0,DK,Denmark,EMP,2015,2014,2765
DK,0,DK,Denmark,B1G,2016,2012,1636086
DK,0,DK,Denmark,B1G,2016,2013,1669456
DK,0,DK,Denmark,B1G,2016,2014,1715195
DK,0,DK,Denmark,B1G,2016,2015,1759565
DK,0,DK,Denmark,B6N,2016,2012,819685
DK,0,DK,Denmark,B6N,2016,2013,839894
DK,0,DK,Denmark,B6N,2016,2014,859696
DK,0,DK,Denmark,D1,2016,2012,977516
DK,0,DK,Denmark,D1,2016,2013,993804
DK,0,DK,Denmark,D1,2016,2014,1019230
DK,0,DK,Denmark,EMP,2016,2012,2767
DK,0,DK,Denmark,EMP,2016,2013,2766
DK,0,DK,Denmark,EMP,2016,2014,2794
DK,0,DK,Denmark,EMP,2016,2015,2829
DK,0,DK,Denmark,B1G,2017,2012,1636086
DK,0,DK,Denmark,B1G,2017,2013,1669456
DK,0,DK,Denmark,B1G,2017,2014,1718979
DK,0,DK,Denmark,B1G,2017,2015,1759217
DK,0,DK,Denmark,B1G,2017,2016,1789317
DK,0,DK,Denmark,B6N,2017,2012,819685
DK,0,DK,Denmark,B6N,2017,2013,839894
DK,0,DK,Denmark,B6N,2017,2014,846737
DK,0,DK,Denmark,B6N,2017,2015,893889
DK,0,DK,Denmark,D1,2017,2012,977516
DK,0,DK,Denmark,D1,2017,2013,993804
DK,0,DK,Denmark,D1,2017,2014,1018240
DK,0,DK,Denmark,D1,2017,2015,1049250
DK,0,DK,Denmark,EMP,2017,2012,2767
DK,0,DK,Denmark,EMP,2017,2013,2766
DK,0,DK,Denmark,EMP,2017,2014,2794
DK,0,DK,Denmark,EMP,2017,2015,2829
DK,0,DK,Denmark,EMP,2017,2016,2877
DK,0,DK,Denmark,B1G,2018,2012,1636086
DK,0,DK,Denmark,B1G,2018,2013,1669456
DK,0,DK,Denmark,B1G,2018,2014,1718979
DK,0,DK,Denmark,B1G,2018,2015,1767126
DK,0,DK,Denmark,B1G,2018,2016,1821807
DK,0,DK,Denmark,B1G,2018,2017,1892930.6
DK,0,DK,Denmark,B6N,2018,2012,819685
DK,0,DK,Denmark,B6N,2018,2013,839894
DK,0,DK,Denmark,B6N,2018,2014,850812
DK,0,DK,Denmark,B6N,2018,2015,889971
DK,0,DK,Denmark,B6N,2018,2016,937028
DK,0,DK,Denmark,D1,2018,2012,977516
DK,0,DK,Denmark,D1,2018,2013,993804
DK,0,DK,Denmark,D1,2018,2014,1017743
DK,0,DK,Denmark,D1,2018,2015,1049061
DK,0,DK,Denmark,D1,2018,2016,1083176
DK,0,DK,Denmark,EMP,2018,2012,2767
DK,0,DK,Denmark,EMP,2018,2013,2766
DK,0,DK,Denmark,EMP,2018,2014,2791
DK,0,DK,Denmark,EMP,2018,2015,2829
DK,0,DK,Denmark,EMP,2018,2016,2871
DK,0,DK,Denmark,EMP,2018,2017,2918.9
DK,0,DK,Denmark,B1G,2019,2012,1636086
DK,0,DK,Denmark,B1G,2019,2013,1669456
DK,0,DK,Denmark,B1G,2019,2014,1718979
DK,0,DK,Denmark,B1G,2019,2015,1767126
DK,0,DK,Denmark,B1G,2019,2016,1829138
DK,0,DK,Denmark,B1G,2019,2017,1889638
DK,0,DK,Denmark,B1G,2019,2018,1948396.73
DK,0,DK,Denmark,B6N,2019,2012,819685
DK,0,DK,Denmark,B6N,2019,2013,839894
DK,0,DK,Denmark,B6N,2019,2014,850812
DK,0,DK,Denmark,B6N,2019,2015,889971
DK,0,DK,Denmark,B6N,2019,2016,931385
DK,0,DK,Denmark,B6N,2019,2017,961638
DK,0,DK,Denmark,D1,2019,2012,977516
DK,0,DK,Denmark,D1,2019,2013,993804
DK,0,DK,Denmark,D1,2019,2014,1017743
DK,0,DK,Denmark,D1,2019,2015,1049061
DK,0,DK,Denmark,D1,2019,2016,1083211
DK,0,DK,Denmark,D1,2019,2017,1118290
DK,0,DK,Denmark,EMP,2019,2012,2767
DK,0,DK,Denmark,EMP,2019,2013,2766
DK,0,DK,Denmark,EMP,2019,2014,2791
DK,0,DK,Denmark,EMP,2019,2015,2829
DK,0,DK,Denmark,EMP,2019,2016,2876
DK,0,DK,Denmark,EMP,2019,2017,2922
DK,0,DK,Denmark,EMP,2019,2018,2963.33
DK,0,DK,Denmark,B1G,2020,2012,1636086
DK,0,DK,Denmark,B1G,2020,2013,1669456
DK,0,DK,Denmark,B1G,2020,2014,1718979
DK,0,DK,Denmark,B1G,2020,2015,1767126
DK,0,DK,Denmark,B1G,2020,2016,1829138
DK,0,DK,Denmark,B1G,2020,2017,1906874
DK,0,DK,Denmark,B1G,2020,2018,1955863
DK,0,DK,Denmark,B1G,2020,2019,2037658
DK,0,DK,Denmark,B6N,2020,2012,819685
DK,0,DK,Denmark,B6N,2020,2013,839894
DK,0,DK,Denmark,B6N,2020,2014,850812
DK,0,DK,Denmark,B6N,2020,2015,889971
DK,0,DK,Denmark,B6N,2020,2016,931385
DK,0,DK,Denmark,B6N,2020,2017,961625
DK,0,DK,Denmark,B6N,2020,2018,994475
DK,0,DK,Denmark,D1,2020,2012,977516
DK,0,DK,Denmark,D1,2020,2013,993804
DK,0,DK,Denmark,D1,2020,2014,1017743
DK,0,DK,Denmark,D1,2020,2015,1049061
DK,0,DK,Denmark,D1,2020,2016,1083211
DK,0,DK,Denmark,D1,2020,2017,1118479
DK,0,DK,Denmark,D1,2020,2018,1156874
DK,0,DK,Denmark,EMP,2020,2012,2767
DK,0,DK,Denmark,EMP,2020,2013,2766
DK,0,DK,Denmark,EMP,2020,2014,2791
DK,0,DK,Denmark,EMP,2020,2015,2829
DK,0,DK,Denmark,EMP,2020,2016,2876
DK,0,DK,Denmark,EMP,2020,2017,2920
DK,0,DK,Denmark,EMP,2020,2018,2966
DK,0,DK,Denmark,EMP,2020,2019,3002.81
DK,0,DK,Denmark,B1G,2021,2012,1636086
DK,0,DK,Denmark,B1G,2021,2013,1669456
DK,0,DK,Denmark,B1G,2021,2014,1718979
DK,0,DK,Denmark,B1G,2021,2015,1767126
DK,0,DK,Denmark,B1G,2021,2016,1829138
DK,0,DK,Denmark,B1G,2021,2017,1906874
DK,0,DK,Denmark,B1G,2021,2018,1955159
DK,0,DK,Denmark,B1G,2021,2019,2019115
DK,0,DK,Denmark,B1G,2021,2020,2027268.21
DK,0,DK,Denmark,B6N,2021,2012,819685
DK,0,DK,Denmark,B6N,2021,2013,839894
DK,0,DK,Denmark,B6N,2021,2014,850812
DK,0,DK,Denmark,B6N,2021,2015,889971
DK,0,DK,Denmark,B6N,2021,2016,931385
DK,0,DK,Denmark,B6N,2021,2017,961625
DK,0,DK,Denmark,B6N,2021,2018,993024
DK,0,DK,Denmark,B6N,2021,2019,1022559
DK,0,DK,Denmark,D1,2021,2012,977516
DK,0,DK,Denmark,D1,2021,2013,993804
DK,0,DK,Denmark,D1,2021,2014,1017743
DK,0,DK,Denmark,D1,2021,2015,1049061
DK,0,DK,Denmark,D1,2021,2016,1083211
DK,0,DK,Denmark,D1,2021,2017,1118479
DK,0,DK,Denmark,D1,2021,2018,1154314
DK,0,DK,Denmark,D1,2021,2019,1194335
DK,0,DK,Denmark,EMP,2021,2012,2767
DK,0,DK,Denmark,EMP,2021,2013,2766
DK,0,DK,Denmark,EMP,2021,2014,2791
DK,0,DK,Denmark,EMP,2021,2015,2829
DK,0,DK,Denmark,EMP,2021,2016,2876
DK,0,DK,Denmark,EMP,2021,2017,2920
DK,0,DK,Denmark,EMP,2021,2018,2963
DK,0,DK,Denmark,EMP,2021,2019,3003
DK,0,DK,Denmark,EMP,2021,2020,2981.94
DK,0,DK,Denmark,B1G,2022,2021,2175759.79
DK,0,DK,Denmark,EMP,2022,2021,3045.79
DK,0,DK,Denmark,D1,2022,2012,977516
DK,0,DK,Denmark,D1,2022,2013,993804
DK,0,DK,Denmark,D1,2022,2014,1017743
DK,0,DK,Denmark,D1,2022,2015,1049061
DK,0,DK,Denmark,D1,2022,2016,1083211
DK,0,DK,Denmark,D1,2022,2017,1118479
DK,0,DK,Denmark,D1,2022,2018,1154314
DK,0,DK,Denmark,D1,2022,2019,1194836
DK,0,DK,Denmark,D1,2022,2020,1212600
DK,0,DK,Denmark,B1G,2022,2012,1636086
DK,0,DK,Denmark,B1G,2022,2013,1669456
DK,0,DK,Denmark,B1G,2022,2014,1718979
DK,0,DK,Denmark,B1G,2022,2015,1767126
DK,0,DK,Denmark,B1G,2022,2016,1829138
DK,0,DK,Denmark,B1G,2022,2017,1906874
DK,0,DK,Denmark,B1G,2022,2018,1955159
DK,0,DK,Denmark,B1G,2022,2019,2011579
DK,0,DK,Denmark,B1G,2022,2020,2018981
DK,0,DK,Denmark,EMP,2022,2012,2767
DK,0,DK,Denmark,EMP,2022,2013,2766
DK,0,DK,Denmark,EMP,2022,2014,2791
DK,0,DK,Denmark,EMP,2022,2015,2829
DK,0,DK,Denmark,EMP,2022,2016,2876
DK,0,DK,Denmark,EMP,2022,2017,2920
DK,0,DK,Denmark,EMP,2022,2018,2963
DK,0,DK,Denmark,EMP,2022,2019,3005
DK,0,DK,Denmark,EMP,2022,2020,2973
DK,0,DK,Denmark,B6N,2022,2012,819685
DK,0,DK,Denmark,B6N,2022,2013,839894
DK,0,DK,Denmark,B6N,2022,2014,850812
DK,0,DK,Denmark,B6N,2022,2015,889971
DK,0,DK,Denmark,B6N,2022,2016,931385
DK,0,DK,Denmark,B6N,2022,2017,961625
DK,0,DK,Denmark,B6N,2022,2018,993024
DK,0,DK,Denmark,B6N,2022,2019,1023602
DK,0,DK,Denmark,B6N,2022,2020,1027587
DK,2,DK01,Hovedstaden,B1G,2014,2012,615966.1319
DK,2,DK01,Hovedstaden,B1G,2014,2013,627932.9437
DK,2,DK01,Hovedstaden,B6N,2014,2012,265239.4004
DK,2,DK01,Hovedstaden,D1,2014,2012,386493.8356
DK,2,DK01,Hovedstaden,EMP,2014,2012,969.3121533
DK,2,DK01,Hovedstaden,EMP,2014,2013,972.6428242
DK,2,DK01,Hovedstaden,B1G,2015,2012,620712
DK,2,DK01,Hovedstaden,B1G,2015,2013,634416
DK,2,DK01,Hovedstaden,B1G,2015,2014,658688
DK,2,DK01,Hovedstaden,B6N,2015,2012,266096
DK,2,DK01,Hovedstaden,B6N,2015,2013,266913
DK,2,DK01,Hovedstaden,D1,2015,2012,385626
DK,2,DK01,Hovedstaden,D1,2015,2013,391763
DK,2,DK01,Hovedstaden,EMP,2015,2012,966
DK,2,DK01,Hovedstaden,EMP,2015,2013,975
DK,2,DK01,Hovedstaden,EMP,2015,2014,986
DK,2,DK01,Hovedstaden,B1G,2016,2012,625034
DK,2,DK01,Hovedstaden,B1G,2016,2013,649515
DK,2,DK01,Hovedstaden,B1G,2016,2014,680540
DK,2,DK01,Hovedstaden,B1G,2016,2015,709292
DK,2,DK01,Hovedstaden,B6N,2016,2012,264281
DK,2,DK01,Hovedstaden,B6N,2016,2013,271806
DK,2,DK01,Hovedstaden,B6N,2016,2014,281110
DK,2,DK01,Hovedstaden,D1,2016,2012,386801
DK,2,DK01,Hovedstaden,D1,2016,2013,395443
DK,2,DK01,Hovedstaden,D1,2016,2014,407463
DK,2,DK01,Hovedstaden,EMP,2016,2012,979
DK,2,DK01,Hovedstaden,EMP,2016,2013,987
DK,2,DK01,Hovedstaden,EMP,2016,2014,999
DK,2,DK01,Hovedstaden,EMP,2016,2015,1015
DK,2,DK01,Hovedstaden,B1G,2017,2012,625034
DK,2,DK01,Hovedstaden,B1G,2017,2013,649515
DK,2,DK01,Hovedstaden,B1G,2017,2014,682105
DK,2,DK01,Hovedstaden,B1G,2017,2015,714172
DK,2,DK01,Hovedstaden,B1G,2017,2016,721029
DK,2,DK01,Hovedstaden,B6N,2017,2012,266696
DK,2,DK01,Hovedstaden,B6N,2017,2013,273087
DK,2,DK01,Hovedstaden,B6N,2017,2014,278609
DK,2,DK01,Hovedstaden,B6N,2017,2015,294724
DK,2,DK01,Hovedstaden,D1,2017,2012,386801
DK,2,DK01,Hovedstaden,D1,2017,2013,395443
DK,2,DK01,Hovedstaden,D1,2017,2014,407076
DK,2,DK01,Hovedstaden,D1,2017,2015,424044
DK,2,DK01,Hovedstaden,EMP,2017,2012,979
DK,2,DK01,Hovedstaden,EMP,2017,2013,987
DK,2,DK01,Hovedstaden,EMP,2017,2014,1000
DK,2,DK01,Hovedstaden,EMP,2017,2015,1024
DK,2,DK01,Hovedstaden,EMP,2017,2016,1045
DK,2,DK01,Hovedstaden,B1G,2018,2012,625034
DK,2,DK01,Hovedstaden,B1G,2018,2013,649515
DK,2,DK01,Hovedstaden,B1G,2018,2014,682105
DK,2,DK01,Hovedstaden,B1G,2018,2015,719250
DK,2,DK01,Hovedstaden,B1G,2018,2016,742252
DK,2,DK01,Hovedstaden,B1G,2018,2017,772975.1
DK,2,DK01,Hovedstaden,B6N,2018,2012,266696
DK,2,DK01,Hovedstaden,B6N,2018,2013,273087
DK,2,DK01,Hovedstaden,B6N,2018,2014,279990
DK,2,DK01,Hovedstaden,B6N,2018,2015,293397
DK,2,DK01,Hovedstaden,B6N,2018,2016,311804
DK,2,DK01,Hovedstaden,D1,2018,2012,386801
DK,2,DK01,Hovedstaden,D1,2018,2013,395443
DK,2,DK01,Hovedstaden,D1,2018,2014,406844
DK,2,DK01,Hovedstaden,D1,2018,2015,422782
DK,2,DK01,Hovedstaden,D1,2018,2016,437657
DK,2,DK01,Hovedstaden,EMP,2018,2012,979
DK,2,DK01,Hovedstaden,EMP,2018,2013,987
DK,2,DK01,Hovedstaden,EMP,2018,2014,998
DK,2,DK01,Hovedstaden,EMP,2018,2015,1021
DK,2,DK01,Hovedstaden,EMP,2018,2016,1042
DK,2,DK01,Hovedstaden,EMP,2018,2017,1062.3
DK,2,DK01,Hovedstaden,B1G,2019,2012,625034
DK,2,DK01,Hovedstaden,B1G,2019,2013,649515
DK,2,DK01,Hovedstaden,B1G,2019,2014,682105
DK,2,DK01,Hovedstaden,B1G,2019,2015,719250
DK,2,DK01,Hovedstaden,B1G,2019,2016,737873
DK,2,DK01,Hovedstaden,B1G,2019,2017,766186
DK,2,DK01,Hovedstaden,B1G,2019,2018,790398.99
DK,2,DK01,Hovedstaden,B6N,2019,2012,266696
DK,2,DK01,Hovedstaden,B6N,2019,2013,273087
DK,2,DK01,Hovedstaden,B6N,2019,2014,279990
DK,2,DK01,Hovedstaden,B6N,2019,2015,293397
DK,2,DK01,Hovedstaden,B6N,2019,2016,309176
DK,2,DK01,Hovedstaden,B6N,2019,2017,320341
DK,2,DK01,Hovedstaden,D1,2019,2012,386801
DK,2,DK01,Hovedstaden,D1,2019,2013,395443
DK,2,DK01,Hovedstaden,D1,2019,2014,406844
DK,2,DK01,Hovedstaden,D1,2019,2015,422782
DK,2,DK01,Hovedstaden,D1,2019,2016,437127
DK,2,DK01,Hovedstaden,D1,2019,2017,452903
DK,2,DK01,Hovedstaden,EMP,2019,2012,979
DK,2,DK01,Hovedstaden,EMP,2019,2013,987
DK,2,DK01,Hovedstaden,EMP,2019,2014,998
DK,2,DK01,Hovedstaden,EMP,2019,2015,1021
DK,2,DK01,Hovedstaden,EMP,2019,2016,1044
DK,2,DK01,Hovedstaden,EMP,2019,2017,1062
DK,2,DK01,Hovedstaden,EMP,2019,2018,1082.05
DK,2,DK01,Hovedstaden,B1G,2020,2012,625034
DK,2,DK01,Hovedstaden,B1G,2020,2013,649515
DK,2,DK01,Hovedstaden,B1G,2020,2014,682105
DK,2,DK01,Hovedstaden,B1G,2020,2015,719250
DK,2,DK01,Hovedstaden,B1G,2020,2016,737873
DK,2,DK01,Hovedstaden,B1G,2020,2017,777348
DK,2,DK01,Hovedstaden,B1G,2020,2018,800092
DK,2,DK01,Hovedstaden,B1G,2020,2019,827021.2
DK,2,DK01,Hovedstaden,B6N,2020,2012,266696
DK,2,DK01,Hovedstaden,B6N,2020,2013,273087
DK,2,DK01,Hovedstaden,B6N,2020,2014,279990
DK,2,DK01,Hovedstaden,B6N,2020,2015,293397
DK,2,DK01,Hovedstaden,B6N,2020,2016,309176
DK,2,DK01,Hovedstaden,B6N,2020,2017,320444
DK,2,DK01,Hovedstaden,B6N,2020,2018,333359
DK,2,DK01,Hovedstaden,D1,2020,2012,386801
DK,2,DK01,Hovedstaden,D1,2020,2013,395443
DK,2,DK01,Hovedstaden,D1,2020,2014,406844
DK,2,DK01,Hovedstaden,D1,2020,2015,422782
DK,2,DK01,Hovedstaden,D1,2020,2016,437127
DK,2,DK01,Hovedstaden,D1,2020,2017,452670
DK,2,DK01,Hovedstaden,D1,2020,2018,469075
DK,2,DK01,Hovedstaden,EMP,2020,2012,979
DK,2,DK01,Hovedstaden,EMP,2020,2013,987
DK,2,DK01,Hovedstaden,EMP,2020,2014,998
DK,2,DK01,Hovedstaden,EMP,2020,2015,1021
DK,2,DK01,Hovedstaden,EMP,2020,2016,1044
DK,2,DK01,Hovedstaden,EMP,2020,2017,1059
DK,2,DK01,Hovedstaden,EMP,2020,2018,1080
DK,2,DK01,Hovedstaden,EMP,2020,2019,1093.15
DK,2,DK01,Hovedstaden,B1G,2021,2012,625034
DK,2,DK01,Hovedstaden,B1G,2021,2013,649515
DK,2,DK01,Hovedstaden,B1G,2021,2014,682105
DK,2,DK01,Hovedstaden,B1G,2021,2015,719250
DK,2,DK01,Hovedstaden,B1G,2021,2016,737873
DK,2,DK01,Hovedstaden,B1G,2021,2017,777348
DK,2,DK01,Hovedstaden,B1G,2021,2018,801236
DK,2,DK01,Hovedstaden,B1G,2021,2019,823780
DK,2,DK01,Hovedstaden,B1G,2021,2020,836182.08
DK,2,DK01,Hovedstaden,B6N,2021,2012,266696
DK,2,DK01,Hovedstaden,B6N,2021,2013,273087
DK,2,DK01,Hovedstaden,B6N,2021,2014,279990
DK,2,DK01,Hovedstaden,B6N,2021,2015,293397
DK,2,DK01,Hovedstaden,B6N,2021,2016,309176
DK,2,DK01,Hovedstaden,B6N,2021,2017,320444
DK,2,DK01,Hovedstaden,B6N,2021,2018,332379
DK,2,DK01,Hovedstaden,B6N,2021,2019,342440
DK,2,DK01,Hovedstaden,D1,2021,2012,386801
DK,2,DK01,Hovedstaden,D1,2021,2013,395443
DK,2,DK01,Hovedstaden,D1,2021,2014,406844
DK,2,DK01,Hovedstaden,D1,2021,2015,422782
DK,2,DK01,Hovedstaden,D1,2021,2016,437127
DK,2,DK01,Hovedstaden,D1,2021,2017,452670
DK,2,DK01,Hovedstaden,D1,2021,2018,467448
DK,2,DK01,Hovedstaden,D1,2021,2019,485273
DK,2,DK01,Hovedstaden,EMP,2021,2012,979
DK,2,DK01,Hovedstaden,EMP,2021,2013,987
DK,2,DK01,Hovedstaden,EMP,2021,2014,998
DK,2,DK01,Hovedstaden,EMP,2021,2015,1021
DK,2,DK01,Hovedstaden,EMP,2021,2016,1044
DK,2,DK01,Hovedstaden,EMP,2021,2017,1059
DK,2,DK01,Hovedstaden,EMP,2021,2018,1079
DK,2,DK01,Hovedstaden,EMP,2021,2019,1095
DK,2,DK01,Hovedstaden,EMP,2021,2020,1085.31
DK,2,DK01,Hovedstaden,B1G,2022,2021,926791.45
DK,2,DK01,Hovedstaden,EMP,2022,2021,1108.38
DK,2,DK01,Hovedstaden,D1,2022,2012,386801
DK,2,DK01,Hovedstaden,D1,2022,2013,395443
DK,2,DK01,Hovedstaden,D1,2022,2014,406844
DK,2,DK01,Hovedstaden,D1,2022,2015,422782
DK,2,DK01,Hovedstaden,D1,2022,2016,437127
DK,2,DK01,Hovedstaden,D1,2022,2017,452670
DK,2,DK01,Hovedstaden,D1,2022,2018,467448
DK,2,DK01,Hovedstaden,D1,2022,2019,484922
DK,2,DK01,Hovedstaden,D1,2022,2020,491635
DK,2,DK01,Hovedstaden,B1G,2022,2012,625034
DK,2,DK01,Hovedstaden,B1G,2022,2013,649515
DK,2,DK01,Hovedstaden,B1G,2022,2014,682105
DK,2,DK01,Hovedstaden,B1G,2022,2015,719250
DK,2,DK01,Hovedstaden,B1G,2022,2016,737873
DK,2,DK01,Hovedstaden,B1G,2022,2017,777348
DK,2,DK01,Hovedstaden,B1G,2022,2018,801236
DK,2,DK01,Hovedstaden,B1G,2022,2019,819930
DK,2,DK01,Hovedstaden,B1G,2022,2020,827891
DK,2,DK01,Hovedstaden,EMP,2022,2012,979
DK,2,DK01,Hovedstaden,EMP,2022,2013,987
DK,2,DK01,Hovedstaden,EMP,2022,2014,998
DK,2,DK01,Hovedstaden,EMP,2022,2015,1021
DK,2,DK01,Hovedstaden,EMP,2022,2016,1044
DK,2,DK01,Hovedstaden,EMP,2022,2017,1059
DK,2,DK01,Hovedstaden,EMP,2022,2018,1079
DK,2,DK01,Hovedstaden,EMP,2022,2019,1095
DK,2,DK01,Hovedstaden,EMP,2022,2020,1078
DK,2,DK01,Hovedstaden,B6N,2022,2012,266696
DK,2,DK01,Hovedstaden,B6N,2022,2013,273087
DK,2,DK01,Hovedstaden,B6N,2022,2014,279990
DK,2,DK01,Hovedstaden,B6N,2022,2015,293397
DK,2,DK01,Hovedstaden,B6N,2022,2016,309176
DK,2,DK01,Hovedstaden,B6N,2022,2017,320444
DK,2,DK01,Hovedstaden,B6N,2022,2018,332379
DK,2,DK01,Hovedstaden,B6N,2022,2019,342687
DK,2,DK01,Hovedstaden,B6N,2022,2020,342993
DK,2,DK02,Sjælland,B1G,2014,2012,161247.4422
DK,2,DK02,Sjælland,B1G,2014,2013,164836.5116
DK,2,DK02,Sjælland,B6N,2014,2012,118860.8686
DK,2,DK02,Sjælland,D1,2014,2012,101911.4298
DK,2,DK02,Sjælland,EMP,2014,2012,315.5237356
DK,2,DK02,Sjælland,EMP,2014,2013,315.905369
DK,2,DK02,Sjælland,B1G,2015,2012,162914
DK,2,DK02,Sjælland,B1G,2015,2013,162324
DK,2,DK02,Sjælland,B1G,2015,2014,166841
DK,2,DK02,Sjælland,B6N,2015,2012,119330
DK,2,DK02,Sjælland,B6N,2015,2013,119425
DK,2,DK02,Sjælland,D1,2015,2012,101905
DK,2,DK02,Sjælland,D1,2015,2013,102489
DK,2,DK02,Sjælland,EMP,2015,2012,315
DK,2,DK02,Sjælland,EMP,2015,2013,313
DK,2,DK02,Sjælland,EMP,2015,2014,314
DK,2,DK02,Sjælland,B1G,2016,2012,163691
DK,2,DK02,Sjælland,B1G,2016,2013,164223
DK,2,DK02,Sjælland,B1G,2016,2014,169940
DK,2,DK02,Sjælland,B1G,2016,2015,175650
DK,2,DK02,Sjælland,B6N,2016,2012,118513
DK,2,DK02,Sjælland,B6N,2016,2013,121577
DK,2,DK02,Sjælland,B6N,2016,2014,124318
DK,2,DK02,Sjælland,D1,2016,2012,101707
DK,2,DK02,Sjælland,D1,2016,2013,102491
DK,2,DK02,Sjælland,D1,2016,2014,105161
DK,2,DK02,Sjælland,EMP,2016,2012,317
DK,2,DK02,Sjælland,EMP,2016,2013,314
DK,2,DK02,Sjælland,EMP,2016,2014,318
DK,2,DK02,Sjælland,EMP,2016,2015,321
DK,2,DK02,Sjælland,B1G,2017,2012,163691
DK,2,DK02,Sjælland,B1G,2017,2013,164223
DK,2,DK02,Sjælland,B1G,2017,2014,168064
DK,2,DK02,Sjælland,B1G,2017,2015,176767
DK,2,DK02,Sjælland,B1G,2017,2016,181624
DK,2,DK02,Sjælland,B6N,2017,2012,118311
DK,2,DK02,Sjælland,B6N,2017,2013,121480
DK,2,DK02,Sjælland,B6N,2017,2014,122359
DK,2,DK02,Sjælland,B6N,2017,2015,129173
DK,2,DK02,Sjælland,D1,2017,2012,101707
DK,2,DK02,Sjælland,D1,2017,2013,102491
DK,2,DK02,Sjælland,D1,2017,2014,103970
DK,2,DK02,Sjælland,D1,2017,2015,106841
DK,2,DK02,Sjælland,EMP,2017,2012,317
DK,2,DK02,Sjælland,EMP,2017,2013,314
DK,2,DK02,Sjælland,EMP,2017,2014,316
DK,2,DK02,Sjælland,EMP,2017,2015,319
DK,2,DK02,Sjælland,EMP,2017,2016,323
DK,2,DK02,Sjælland,B1G,2018,2012,163691
DK,2,DK02,Sjælland,B1G,2018,2013,164223
DK,2,DK02,Sjælland,B1G,2018,2014,168064
DK,2,DK02,Sjælland,B1G,2018,2015,178593
DK,2,DK02,Sjælland,B1G,2018,2016,181903
DK,2,DK02,Sjælland,B1G,2018,2017,187864.4
DK,2,DK02,Sjælland,B6N,2018,2012,118311
DK,2,DK02,Sjælland,B6N,2018,2013,121480
DK,2,DK02,Sjælland,B6N,2018,2014,122951
DK,2,DK02,Sjælland,B6N,2018,2015,128621
DK,2,DK02,Sjælland,B6N,2018,2016,134701
DK,2,DK02,Sjælland,D1,2018,2012,101707
DK,2,DK02,Sjælland,D1,2018,2013,102491
DK,2,DK02,Sjælland,D1,2018,2014,103989
DK,2,DK02,Sjælland,D1,2018,2015,106620
DK,2,DK02,Sjælland,D1,2018,2016,108575
DK,2,DK02,Sjælland,EMP,2018,2012,317
DK,2,DK02,Sjælland,EMP,2018,2013,314
DK,2,DK02,Sjælland,EMP,2018,2014,315
DK,2,DK02,Sjælland,EMP,2018,2015,319
DK,2,DK02,Sjælland,EMP,2018,2016,320
DK,2,DK02,Sjælland,EMP,2018,2017,324.5
DK,2,DK02,Sjælland,B1G,2019,2012,163691
DK,2,DK02,Sjælland,B1G,2019,2013,164223
DK,2,DK02,Sjælland,B1G,2019,2014,168064
DK,2,DK02,Sjælland,B1G,2019,2015,178593
DK,2,DK02,Sjælland,B1G,2019,2016,180871
DK,2,DK02,Sjælland,B1G,2019,2017,186120
DK,2,DK02,Sjælland,B1G,2019,2018,193347.15
DK,2,DK02,Sjælland,B6N,2019,2012,118311
DK,2,DK02,Sjælland,B6N,2019,2013,121480
DK,2,DK02,Sjælland,B6N,2019,2014,122951
DK,2,DK02,Sjælland,B6N,2019,2015,128621
DK,2,DK02,Sjælland,B6N,2019,2016,134189
DK,2,DK02,Sjælland,B6N,2019,2017,137959
DK,2,DK02,Sjælland,D1,2019,2012,101707
DK,2,DK02,Sjælland,D1,2019,2013,102491
DK,2,DK02,Sjælland,D1,2019,2014,103989
DK,2,DK02,Sjælland,D1,2019,2015,106620
DK,2,DK02,Sjælland,D1,2019,2016,108804
DK,2,DK02,Sjælland,D1,2019,2017,111519
DK,2,DK02,Sjælland,EMP,2019,2012,317
DK,2,DK02,Sjælland,EMP,2019,2013,314
DK,2,DK02,Sjælland,EMP,2019,2014,315
DK,2,DK02,Sjælland,EMP,2019,2015,319
DK,2,DK02,Sjælland,EMP,2019,2016,321
DK,2,DK02,Sjælland,EMP,2019,2017,325
DK,2,DK02,Sjælland,EMP,2019,2018,328.63
DK,2,DK02,Sjælland,B1G,2020,2012,163691
DK,2,DK02,Sjælland,B1G,2020,2013,164223
DK,2,DK02,Sjælland,B1G,2020,2014,168064
DK,2,DK02,Sjælland,B1G,2020,2015,178593
DK,2,DK02,Sjælland,B1G,2020,2016,180871
DK,2,DK02,Sjælland,B1G,2020,2017,188707
DK,2,DK02,Sjælland,B1G,2020,2018,192751
DK,2,DK02,Sjælland,B1G,2020,2019,201387.1
DK,2,DK02,Sjælland,B6N,2020,2012,118311
DK,2,DK02,Sjælland,B6N,2020,2013,121480
DK,2,DK02,Sjælland,B6N,2020,2014,122951
DK,2,DK02,Sjælland,B6N,2020,2015,128621
DK,2,DK02,Sjælland,B6N,2020,2016,134189
DK,2,DK02,Sjælland,B6N,2020,2017,137937
DK,2,DK02,Sjælland,B6N,2020,2018,141989
DK,2,DK02,Sjælland,D1,2020,2012,101707
DK,2,DK02,Sjælland,D1,2020,2013,102491
DK,2,DK02,Sjælland,D1,2020,2014,103989
DK,2,DK02,Sjælland,D1,2020,2015,106620
DK,2,DK02,Sjælland,D1,2020,2016,108804
DK,2,DK02,Sjælland,D1,2020,2017,111794
DK,2,DK02,Sjælland,D1,2020,2018,114710
DK,2,DK02,Sjælland,EMP,2020,2012,317
DK,2,DK02,Sjælland,EMP,2020,2013,314
DK,2,DK02,Sjælland,EMP,2020,2014,315
DK,2,DK02,Sjælland,EMP,2020,2015,319
DK,2,DK02,Sjælland,EMP,2020,2016,321
DK,2,DK02,Sjælland,EMP,2020,2017,325
DK,2,DK02,Sjælland,EMP,2020,2018,329
DK,2,DK02,Sjælland,EMP,2020,2019,334.26
DK,2,DK02,Sjælland,B1G,2021,2012,163691
DK,2,DK02,Sjælland,B1G,2021,2013,164223
DK,2,DK02,Sjælland,B1G,2021,2014,168064
DK,2,DK02,Sjælland,B1G,2021,2015,178593
DK,2,DK02,Sjælland,B1G,2021,2016,180871
DK,2,DK02,Sjælland,B1G,2021,2017,188707
DK,2,DK02,Sjælland,B1G,2021,2018,193663
DK,2,DK02,Sjælland,B1G,2021,2019,203977
DK,2,DK02,Sjælland,B1G,2021,2020,204561.6
DK,2,DK02,Sjælland,B6N,2021,2012,118311
DK,2,DK02,Sjælland,B6N,2021,2013,121480
DK,2,DK02,Sjælland,B6N,2021,2014,122951
DK,2,DK02,Sjælland,B6N,2021,2015,128621
DK,2,DK02,Sjælland,B6N,2021,2016,134189
DK,2,DK02,Sjælland,B6N,2021,2017,137937
DK,2,DK02,Sjælland,B6N,2021,2018,141881
DK,2,DK02,Sjælland,B6N,2021,2019,146100
DK,2,DK02,Sjælland,D1,2021,2012,101707
DK,2,DK02,Sjælland,D1,2021,2013,102491
DK,2,DK02,Sjælland,D1,2021,2014,103989
DK,2,DK02,Sjælland,D1,2021,2015,106620
DK,2,DK02,Sjælland,D1,2021,2016,108804
DK,2,DK02,Sjælland,D1,2021,2017,111794
DK,2,DK02,Sjælland,D1,2021,2018,114376
DK,2,DK02,Sjælland,D1,2021,2019,118385
DK,2,DK02,Sjælland,EMP,2021,2012,317
DK,2,DK02,Sjælland,EMP,2021,2013,314
DK,2,DK02,Sjælland,EMP,2021,2014,315
DK,2,DK02,Sjælland,EMP,2021,2015,319
DK,2,DK02,Sjælland,EMP,2021,2016,321
DK,2,DK02,Sjælland,EMP,2021,2017,325
DK,2,DK02,Sjælland,EMP,2021,2018,329
DK,2,DK02,Sjælland,EMP,2021,2019,334
DK,2,DK02,Sjælland,EMP,2021,2020,332.66
DK,2,DK02,Sjælland,B1G,2022,2021,209439.88
DK,2,DK02,Sjælland,EMP,2022,2021,341.77
DK,2,DK02,Sjælland,D1,2022,2012,101707
DK,2,DK02,Sjælland,D1,2022,2013,102491
DK,2,DK02,Sjælland,D1,2022,2014,103989
DK,2,DK02,Sjælland,D1,2022,2015,106620
DK,2,DK02,Sjælland,D1,2022,2016,108804
DK,2,DK02,Sjælland,D1,2022,2017,111794
DK,2,DK02,Sjælland,D1,2022,2018,114376
DK,2,DK02,Sjælland,D1,2022,2019,118624
DK,2,DK02,Sjælland,D1,2022,2020,121066
DK,2,DK02,Sjælland,B1G,2022,2012,163691
DK,2,DK02,Sjælland,B1G,2022,2013,164223
DK,2,DK02,Sjælland,B1G,2022,2014,168064
DK,2,DK02,Sjælland,B1G,2022,2015,178593
DK,2,DK02,Sjælland,B1G,2022,2016,180871
DK,2,DK02,Sjælland,B1G,2022,2017,188707
DK,2,DK02,Sjælland,B1G,2022,2018,193663
DK,2,DK02,Sjælland,B1G,2022,2019,201703
DK,2,DK02,Sjælland,B1G,2022,2020,200809
DK,2,DK02,Sjælland,EMP,2022,2012,317
DK,2,DK02,Sjælland,EMP,2022,2013,314
DK,2,DK02,Sjælland,EMP,2022,2014,315
DK,2,DK02,Sjælland,EMP,2022,2015,319
DK,2,DK02,Sjælland,EMP,2022,2016,321
DK,2,DK02,Sjælland,EMP,2022,2017,325
DK,2,DK02,Sjælland,EMP,2022,2018,329
DK,2,DK02,Sjælland,EMP,2022,2019,335
DK,2,DK02,Sjælland,EMP,2022,2020,333
DK,2,DK02,Sjælland,B6N,2022,2012,118311
DK,2,DK02,Sjælland,B6N,2022,2013,121480
DK,2,DK02,Sjælland,B6N,2022,2014,122951
DK,2,DK02,Sjælland,B6N,2022,2015,128621
DK,2,DK02,Sjælland,B6N,2022,2016,134189
DK,2,DK02,Sjælland,B6N,2022,2017,137937
DK,2,DK02,Sjælland,B6N,2022,2018,141881
DK,2,DK02,Sjælland,B6N,2022,2019,146183
DK,2,DK02,Sjælland,B6N,2022,2020,147221
DK,2,DK03,Syddanmark,B1G,2014,2012,305016.836
DK,2,DK03,Syddanmark,B1G,2014,2013,311515.7176
DK,2,DK03,Syddanmark,B6N,2014,2012,171670.3111
DK,2,DK03,Syddanmark,D1,2014,2012,186521.7358
DK,2,DK03,Syddanmark,EMP,2014,2012,559.0298922
DK,2,DK03,Syddanmark,EMP,2014,2013,558.497744
DK,2,DK03,Syddanmark,B1G,2015,2012,308469
DK,2,DK03,Syddanmark,B1G,2015,2013,314931
DK,2,DK03,Syddanmark,B1G,2015,2014,321020
DK,2,DK03,Syddanmark,B6N,2015,2012,172004
DK,2,DK03,Syddanmark,B6N,2015,2013,171060
DK,2,DK03,Syddanmark,D1,2015,2012,186378
DK,2,DK03,Syddanmark,D1,2015,2013,188747
DK,2,DK03,Syddanmark,EMP,2015,2012,557
DK,2,DK03,Syddanmark,EMP,2015,2013,555
DK,2,DK03,Syddanmark,EMP,2015,2014,559
DK,2,DK03,Syddanmark,B1G,2016,2012,315169
DK,2,DK03,Syddanmark,B1G,2016,2013,323606
DK,2,DK03,Syddanmark,B1G,2016,2014,330633
DK,2,DK03,Syddanmark,B1G,2016,2015,339699
DK,2,DK03,Syddanmark,B6N,2016,2012,171338
DK,2,DK03,Syddanmark,B6N,2016,2013,174642
DK,2,DK03,Syddanmark,B6N,2016,2014,177995
DK,2,DK03,Syddanmark,D1,2016,2012,186508
DK,2,DK03,Syddanmark,D1,2016,2013,190091
DK,2,DK03,Syddanmark,D1,2016,2014,194389
DK,2,DK03,Syddanmark,EMP,2016,2012,563
DK,2,DK03,Syddanmark,EMP,2016,2013,562
DK,2,DK03,Syddanmark,EMP,2016,2014,568
DK,2,DK03,Syddanmark,EMP,2016,2015,574
DK,2,DK03,Syddanmark,B1G,2017,2012,315169
DK,2,DK03,Syddanmark,B1G,2017,2013,323606
DK,2,DK03,Syddanmark,B1G,2017,2014,332940
DK,2,DK03,Syddanmark,B1G,2017,2015,337008
DK,2,DK03,Syddanmark,B1G,2017,2016,345074
DK,2,DK03,Syddanmark,B6N,2017,2012,170492
DK,2,DK03,Syddanmark,B6N,2017,2013,174234
DK,2,DK03,Syddanmark,B6N,2017,2014,174732
DK,2,DK03,Syddanmark,B6N,2017,2015,183809
DK,2,DK03,Syddanmark,D1,2017,2012,186508
DK,2,DK03,Syddanmark,D1,2017,2013,190091
DK,2,DK03,Syddanmark,D1,2017,2014,195028
DK,2,DK03,Syddanmark,D1,2017,2015,199351
DK,2,DK03,Syddanmark,EMP,2017,2012,563
DK,2,DK03,Syddanmark,EMP,2017,2013,562
DK,2,DK03,Syddanmark,EMP,2017,2014,569
DK,2,DK03,Syddanmark,EMP,2017,2015,571
DK,2,DK03,Syddanmark,EMP,2017,2016,580
DK,2,DK03,Syddanmark,B1G,2018,2012,315169
DK,2,DK03,Syddanmark,B1G,2018,2013,323606
DK,2,DK03,Syddanmark,B1G,2018,2014,332940
DK,2,DK03,Syddanmark,B1G,2018,2015,340406
DK,2,DK03,Syddanmark,B1G,2018,2016,347462
DK,2,DK03,Syddanmark,B1G,2018,2017,357388.6
DK,2,DK03,Syddanmark,B6N,2018,2012,170492
DK,2,DK03,Syddanmark,B6N,2018,2013,174234
DK,2,DK03,Syddanmark,B6N,2018,2014,175522
DK,2,DK03,Syddanmark,B6N,2018,2015,182999
DK,2,DK03,Syddanmark,B6N,2018,2016,191316
DK,2,DK03,Syddanmark,D1,2018,2012,186508
DK,2,DK03,Syddanmark,D1,2018,2013,190091
DK,2,DK03,Syddanmark,D1,2018,2014,194899
DK,2,DK03,Syddanmark,D1,2018,2015,199598
DK,2,DK03,Syddanmark,D1,2018,2016,206100
DK,2,DK03,Syddanmark,EMP,2018,2012,563
DK,2,DK03,Syddanmark,EMP,2018,2013,562
DK,2,DK03,Syddanmark,EMP,2018,2014,568
DK,2,DK03,Syddanmark,EMP,2018,2015,572
DK,2,DK03,Syddanmark,EMP,2018,2016,580
DK,2,DK03,Syddanmark,EMP,2018,2017,588.5
DK,2,DK03,Syddanmark,B1G,2019,2012,315169
DK,2,DK03,Syddanmark,B1G,2019,2013,323606
DK,2,DK03,Syddanmark,B1G,2019,2014,332940
DK,2,DK03,Syddanmark,B1G,2019,2015,340406
DK,2,DK03,Syddanmark,B1G,2019,2016,349938
DK,2,DK03,Syddanmark,B1G,2019,2017,358378
DK,2,DK03,Syddanmark,B1G,2019,2018,370821.68
DK,2,DK03,Syddanmark,B6N,2019,2012,170492
DK,2,DK03,Syddanmark,B6N,2019,2013,174234
DK,2,DK03,Syddanmark,B6N,2019,2014,175522
DK,2,DK03,Syddanmark,B6N,2019,2015,182999
DK,2,DK03,Syddanmark,B6N,2019,2016,190249
DK,2,DK03,Syddanmark,B6N,2019,2017,195622
DK,2,DK03,Syddanmark,D1,2019,2012,186508
DK,2,DK03,Syddanmark,D1,2019,2013,190091
DK,2,DK03,Syddanmark,D1,2019,2014,194899
DK,2,DK03,Syddanmark,D1,2019,2015,199598
DK,2,DK03,Syddanmark,D1,2019,2016,206246
DK,2,DK03,Syddanmark,D1,2019,2017,211989
DK,2,DK03,Syddanmark,EMP,2019,2012,563
DK,2,DK03,Syddanmark,EMP,2019,2013,562
DK,2,DK03,Syddanmark,EMP,2019,2014,568
DK,2,DK03,Syddanmark,EMP,2019,2015,572
DK,2,DK03,Syddanmark,EMP,2019,2016,581
DK,2,DK03,Syddanmark,EMP,2019,2017,589
DK,2,DK03,Syddanmark,EMP,2019,2018,594.32
DK,2,DK03,Syddanmark,B1G,2020,2012,315169
DK,2,DK03,Syddanmark,B1G,2020,2013,323606
DK,2,DK03,Syddanmark,B1G,2020,2014,332940
DK,2,DK03,Syddanmark,B1G,2020,2015,340406
DK,2,DK03,Syddanmark,B1G,2020,2016,349938
DK,2,DK03,Syddanmark,B1G,2020,2017,358633
DK,2,DK03,Syddanmark,B1G,2020,2018,365965
DK,2,DK03,Syddanmark,B1G,2020,2019,382220.9
DK,2,DK03,Syddanmark,B6N,2020,2012,170492
DK,2,DK03,Syddanmark,B6N,2020,2013,174234
DK,2,DK03,Syddanmark,B6N,2020,2014,175522
DK,2,DK03,Syddanmark,B6N,2020,2015,182999
DK,2,DK03,Syddanmark,B6N,2020,2016,190249
DK,2,DK03,Syddanmark,B6N,2020,2017,195586
DK,2,DK03,Syddanmark,B6N,2020,2018,201621
DK,2,DK03,Syddanmark,D1,2020,2012,186508
DK,2,DK03,Syddanmark,D1,2020,2013,190091
DK,2,DK03,Syddanmark,D1,2020,2014,194899
DK,2,DK03,Syddanmark,D1,2020,2015,199598
DK,2,DK03,Syddanmark,D1,2020,2016,206246
DK,2,DK03,Syddanmark,D1,2020,2017,211728
DK,2,DK03,Syddanmark,D1,2020,2018,217964
DK,2,DK03,Syddanmark,EMP,2020,2012,563
DK,2,DK03,Syddanmark,EMP,2020,2013,562
DK,2,DK03,Syddanmark,EMP,2020,2014,568
DK,2,DK03,Syddanmark,EMP,2020,2015,572
DK,2,DK03,Syddanmark,EMP,2020,2016,581
DK,2,DK03,Syddanmark,EMP,2020,2017,589
DK,2,DK03,Syddanmark,EMP,2020,2018,596
DK,2,DK03,Syddanmark,EMP,2020,2019,603.66
DK,2,DK03,Syddanmark,B1G,2021,2012,315169
DK,2,DK03,Syddanmark,B1G,2021,2013,323606
DK,2,DK03,Syddanmark,B1G,2021,2014,332940
DK,2,DK03,Syddanmark,B1G,2021,2015,340406
DK,2,DK03,Syddanmark,B1G,2021,2016,349938
DK,2,DK03,Syddanmark,B1G,2021,2017,358633
DK,2,DK03,Syddanmark,B1G,2021,2018,365027
DK,2,DK03,Syddanmark,B1G,2021,2019,378617
DK,2,DK03,Syddanmark,B1G,2021,2020,376319.5
DK,2,DK03,Syddanmark,B6N,2021,2012,170492
DK,2,DK03,Syddanmark,B6N,2021,2013,174234
DK,2,DK03,Syddanmark,B6N,2021,2014,175522
DK,2,DK03,Syddanmark,B6N,2021,2015,182999
DK,2,DK03,Syddanmark,B6N,2021,2016,190249
DK,2,DK03,Syddanmark,B6N,2021,2017,195586
DK,2,DK03,Syddanmark,B6N,2021,2018,201500
DK,2,DK03,Syddanmark,B6N,2021,2019,206954
DK,2,DK03,Syddanmark,D1,2021,2012,186508
DK,2,DK03,Syddanmark,D1,2021,2013,190091
DK,2,DK03,Syddanmark,D1,2021,2014,194899
DK,2,DK03,Syddanmark,D1,2021,2015,199598
DK,2,DK03,Syddanmark,D1,2021,2016,206246
DK,2,DK03,Syddanmark,D1,2021,2017,211728
DK,2,DK03,Syddanmark,D1,2021,2018,217818
DK,2,DK03,Syddanmark,D1,2021,2019,225882
DK,2,DK03,Syddanmark,EMP,2021,2012,563
DK,2,DK03,Syddanmark,EMP,2021,2013,562
DK,2,DK03,Syddanmark,EMP,2021,2014,568
DK,2,DK03,Syddanmark,EMP,2021,2015,572
DK,2,DK03,Syddanmark,EMP,2021,2016,581
DK,2,DK03,Syddanmark,EMP,2021,2017,589
DK,2,DK03,Syddanmark,EMP,2021,2018,595
DK,2,DK03,Syddanmark,EMP,2021,2019,604
DK,2,DK03,Syddanmark,EMP,2021,2020,596.8
DK,2,DK03,Syddanmark,B1G,2022,2021,398592.7
DK,2,DK03,Syddanmark,EMP,2022,2021,610.41
DK,2,DK03,Syddanmark,D1,2022,2012,186508
DK,2,DK03,Syddanmark,D1,2022,2013,190091
DK,2,DK03,Syddanmark,D1,2022,2014,194899
DK,2,DK03,Syddanmark,D1,2022,2015,199598
DK,2,DK03,Syddanmark,D1,2022,2016,206246
DK,2,DK03,Syddanmark,D1,2022,2017,211728
DK,2,DK03,Syddanmark,D1,2022,2018,217818
DK,2,DK03,Syddanmark,D1,2022,2019,226048
DK,2,DK03,Syddanmark,D1,2022,2020,227638
DK,2,DK03,Syddanmark,B1G,2022,2012,315169
DK,2,DK03,Syddanmark,B1G,2022,2013,323606
DK,2,DK03,Syddanmark,B1G,2022,2014,332940
DK,2,DK03,Syddanmark,B1G,2022,2015,340406
DK,2,DK03,Syddanmark,B1G,2022,2016,349938
DK,2,DK03,Syddanmark,B1G,2022,2017,358633
DK,2,DK03,Syddanmark,B1G,2022,2018,365027
DK,2,DK03,Syddanmark,B1G,2022,2019,377709
DK,2,DK03,Syddanmark,B1G,2022,2020,378963
DK,2,DK03,Syddanmark,EMP,2022,2012,563
DK,2,DK03,Syddanmark,EMP,2022,2013,562
DK,2,DK03,Syddanmark,EMP,2022,2014,568
DK,2,DK03,Syddanmark,EMP,2022,2015,572
DK,2,DK03,Syddanmark,EMP,2022,2016,581
DK,2,DK03,Syddanmark,EMP,2022,2017,589
DK,2,DK03,Syddanmark,EMP,2022,2018,595
DK,2,DK03,Syddanmark,EMP,2022,2019,605
DK,2,DK03,Syddanmark,EMP,2022,2020,596
DK,2,DK03,Syddanmark,B6N,2022,2012,170492
DK,2,DK03,Syddanmark,B6N,2022,2013,174234
DK,2,DK03,Syddanmark,B6N,2022,2014,175522
DK,2,DK03,Syddanmark,B6N,2022,2015,182999
DK,2,DK03,Syddanmark,B6N,2022,2016,190249
DK,2,DK03,Syddanmark,B6N,2022,2017,195586
DK,2,DK03,Syddanmark,B6N,2022,2018,201500
DK,2,DK03,Syddanmark,B6N,2022,2019,207214
DK,2,DK03,Syddanmark,B6N,2022,2020,207967
DK,2,DK04,Midtjylland,B1G,2014,2012,329454.4069
DK,2,DK04,Midtjylland,B1G,2014,2013,335845.7822
DK,2,DK04,Midtjylland,B6N,2014,2012,182277.6508
DK,2,DK04,Midtjylland,D1,2014,2012,209464.9959
DK,2,DK04,Midtjylland,EMP,2014,2012,623.446862
DK,2,DK04,Midtjylland,EMP,2014,2013,619.8928984
DK,2,DK04,Midtjylland,B1G,2015,2012,330148
DK,2,DK04,Midtjylland,B1G,2015,2013,335864
DK,2,DK04,Midtjylland,B1G,2015,2014,341251
DK,2,DK04,Midtjylland,B6N,2015,2012,182775
DK,2,DK04,Midtjylland,B6N,2015,2013,182639
DK,2,DK04,Midtjylland,D1,2015,2012,208779
DK,2,DK04,Midtjylland,D1,2015,2013,211588
DK,2,DK04,Midtjylland,EMP,2015,2012,620
DK,2,DK04,Midtjylland,EMP,2015,2013,623
DK,2,DK04,Midtjylland,EMP,2015,2014,628
DK,2,DK04,Midtjylland,B1G,2016,2012,331164
DK,2,DK04,Midtjylland,B1G,2016,2013,337525
DK,2,DK04,Midtjylland,B1G,2016,2014,344136
DK,2,DK04,Midtjylland,B1G,2016,2015,357375
DK,2,DK04,Midtjylland,B6N,2016,2012,181874
DK,2,DK04,Midtjylland,B6N,2016,2013,186539
DK,2,DK04,Midtjylland,B6N,2016,2014,189884
DK,2,DK04,Midtjylland,D1,2016,2012,208911
DK,2,DK04,Midtjylland,D1,2016,2013,210819
DK,2,DK04,Midtjylland,D1,2016,2014,216255
DK,2,DK04,Midtjylland,EMP,2016,2012,626
DK,2,DK04,Midtjylland,EMP,2016,2013,623
DK,2,DK04,Midtjylland,EMP,2016,2014,630
DK,2,DK04,Midtjylland,EMP,2016,2015,635
DK,2,DK04,Midtjylland,B1G,2017,2012,331164
DK,2,DK04,Midtjylland,B1G,2017,2013,337525
DK,2,DK04,Midtjylland,B1G,2017,2014,347184
DK,2,DK04,Midtjylland,B1G,2017,2015,352056
DK,2,DK04,Midtjylland,B1G,2017,2016,364496
DK,2,DK04,Midtjylland,B6N,2017,2012,181375
DK,2,DK04,Midtjylland,B6N,2017,2013,186438
DK,2,DK04,Midtjylland,B6N,2017,2014,186577
DK,2,DK04,Midtjylland,B6N,2017,2015,197543
DK,2,DK04,Midtjylland,D1,2017,2012,208911
DK,2,DK04,Midtjylland,D1,2017,2013,210819
DK,2,DK04,Midtjylland,D1,2017,2014,215993
DK,2,DK04,Midtjylland,D1,2017,2015,220715
DK,2,DK04,Midtjylland,EMP,2017,2012,626
DK,2,DK04,Midtjylland,EMP,2017,2013,623
DK,2,DK04,Midtjylland,EMP,2017,2014,628
DK,2,DK04,Midtjylland,EMP,2017,2015,632
DK,2,DK04,Midtjylland,EMP,2017,2016,644
DK,2,DK04,Midtjylland,B1G,2018,2012,331164
DK,2,DK04,Midtjylland,B1G,2018,2013,337525
DK,2,DK04,Midtjylland,B1G,2018,2014,347184
DK,2,DK04,Midtjylland,B1G,2018,2015,350496
DK,2,DK04,Midtjylland,B1G,2018,2016,370809
DK,2,DK04,Midtjylland,B1G,2018,2017,385205
DK,2,DK04,Midtjylland,B6N,2018,2012,181375
DK,2,DK04,Midtjylland,B6N,2018,2013,186438
DK,2,DK04,Midtjylland,B6N,2018,2014,187480
DK,2,DK04,Midtjylland,B6N,2018,2015,196690
DK,2,DK04,Midtjylland,B6N,2018,2016,207049
DK,2,DK04,Midtjylland,D1,2018,2012,208911
DK,2,DK04,Midtjylland,D1,2018,2013,210819
DK,2,DK04,Midtjylland,D1,2018,2014,215885
DK,2,DK04,Midtjylland,D1,2018,2015,221803
DK,2,DK04,Midtjylland,D1,2018,2016,228669
DK,2,DK04,Midtjylland,EMP,2018,2012,626
DK,2,DK04,Midtjylland,EMP,2018,2013,623
DK,2,DK04,Midtjylland,EMP,2018,2014,628
DK,2,DK04,Midtjylland,EMP,2018,2015,634
DK,2,DK04,Midtjylland,EMP,2018,2016,644
DK,2,DK04,Midtjylland,EMP,2018,2017,654.9
DK,2,DK04,Midtjylland,B1G,2019,2012,331164
DK,2,DK04,Midtjylland,B1G,2019,2013,337525
DK,2,DK04,Midtjylland,B1G,2019,2014,347184
DK,2,DK04,Midtjylland,B1G,2019,2015,350496
DK,2,DK04,Midtjylland,B1G,2019,2016,380466
DK,2,DK04,Midtjylland,B1G,2019,2017,393177
DK,2,DK04,Midtjylland,B1G,2019,2018,402446.01
DK,2,DK04,Midtjylland,B6N,2019,2012,181375
DK,2,DK04,Midtjylland,B6N,2019,2013,186438
DK,2,DK04,Midtjylland,B6N,2019,2014,187480
DK,2,DK04,Midtjylland,B6N,2019,2015,196690
DK,2,DK04,Midtjylland,B6N,2019,2016,205891
DK,2,DK04,Midtjylland,B6N,2019,2017,212854
DK,2,DK04,Midtjylland,D1,2019,2012,208911
DK,2,DK04,Midtjylland,D1,2019,2013,210819
DK,2,DK04,Midtjylland,D1,2019,2014,215885
DK,2,DK04,Midtjylland,D1,2019,2015,221803
DK,2,DK04,Midtjylland,D1,2019,2016,228767
DK,2,DK04,Midtjylland,D1,2019,2017,238353
DK,2,DK04,Midtjylland,EMP,2019,2012,626
DK,2,DK04,Midtjylland,EMP,2019,2013,623
DK,2,DK04,Midtjylland,EMP,2019,2014,628
DK,2,DK04,Midtjylland,EMP,2019,2015,634
DK,2,DK04,Midtjylland,EMP,2019,2016,645
DK,2,DK04,Midtjylland,EMP,2019,2017,661
DK,2,DK04,Midtjylland,EMP,2019,2018,668.7
DK,2,DK04,Midtjylland,B1G,2020,2012,331164
DK,2,DK04,Midtjylland,B1G,2020,2013,337525
DK,2,DK04,Midtjylland,B1G,2020,2014,347184
DK,2,DK04,Midtjylland,B1G,2020,2015,350496
DK,2,DK04,Midtjylland,B1G,2020,2016,380466
DK,2,DK04,Midtjylland,B1G,2020,2017,395485
DK,2,DK04,Midtjylland,B1G,2020,2018,403980
DK,2,DK04,Midtjylland,B1G,2020,2019,428078.5
DK,2,DK04,Midtjylland,B6N,2020,2012,181375
DK,2,DK04,Midtjylland,B6N,2020,2013,186438
DK,2,DK04,Midtjylland,B6N,2020,2014,187480
DK,2,DK04,Midtjylland,B6N,2020,2015,196690
DK,2,DK04,Midtjylland,B6N,2020,2016,205891
DK,2,DK04,Midtjylland,B6N,2020,2017,212829
DK,2,DK04,Midtjylland,B6N,2020,2018,220221
DK,2,DK04,Midtjylland,D1,2020,2012,208911
DK,2,DK04,Midtjylland,D1,2020,2013,210819
DK,2,DK04,Midtjylland,D1,2020,2014,215885
DK,2,DK04,Midtjylland,D1,2020,2015,221803
DK,2,DK04,Midtjylland,D1,2020,2016,228767
DK,2,DK04,Midtjylland,D1,2020,2017,238414
DK,2,DK04,Midtjylland,D1,2020,2018,247145
DK,2,DK04,Midtjylland,EMP,2020,2012,626
DK,2,DK04,Midtjylland,EMP,2020,2013,623
DK,2,DK04,Midtjylland,EMP,2020,2014,628
DK,2,DK04,Midtjylland,EMP,2020,2015,634
DK,2,DK04,Midtjylland,EMP,2020,2016,645
DK,2,DK04,Midtjylland,EMP,2020,2017,661
DK,2,DK04,Midtjylland,EMP,2020,2018,669
DK,2,DK04,Midtjylland,EMP,2020,2019,677.14
DK,2,DK04,Midtjylland,B1G,2021,2012,331164
DK,2,DK04,Midtjylland,B1G,2021,2013,337525
DK,2,DK04,Midtjylland,B1G,2021,2014,347184
DK,2,DK04,Midtjylland,B1G,2021,2015,350496
DK,2,DK04,Midtjylland,B1G,2021,2016,380466
DK,2,DK04,Midtjylland,B1G,2021,2017,395485
DK,2,DK04,Midtjylland,B1G,2021,2018,403212
DK,2,DK04,Midtjylland,B1G,2021,2019,420709
DK,2,DK04,Midtjylland,B1G,2021,2020,423789.51
DK,2,DK04,Midtjylland,B6N,2021,2012,181375
DK,2,DK04,Midtjylland,B6N,2021,2013,186438
DK,2,DK04,Midtjylland,B6N,2021,2014,187480
DK,2,DK04,Midtjylland,B6N,2021,2015,196690
DK,2,DK04,Midtjylland,B6N,2021,2016,205891
DK,2,DK04,Midtjylland,B6N,2021,2017,212829
DK,2,DK04,Midtjylland,B6N,2021,2018,219985
DK,2,DK04,Midtjylland,B6N,2021,2019,227090
DK,2,DK04,Midtjylland,D1,2021,2012,208911
DK,2,DK04,Midtjylland,D1,2021,2013,210819
DK,2,DK04,Midtjylland,D1,2021,2014,215885
DK,2,DK04,Midtjylland,D1,2021,2015,221803
DK,2,DK04,Midtjylland,D1,2021,2016,228767
DK,2,DK04,Midtjylland,D1,2021,2017,238414
DK,2,DK04,Midtjylland,D1,2021,2018,246839
DK,2,DK04,Midtjylland,D1,2021,2019,254741
DK,2,DK04,Midtjylland,EMP,2021,2012,626
DK,2,DK04,Midtjylland,EMP,2021,2013,623
DK,2,DK04,Midtjylland,EMP,2021,2014,628
DK,2,DK04,Midtjylland,EMP,2021,2015,634
DK,2,DK04,Midtjylland,EMP,2021,2016,645
DK,2,DK04,Midtjylland,EMP,2021,2017,661
DK,2,DK04,Midtjylland,EMP,2021,2018,669
DK,2,DK04,Midtjylland,EMP,2021,2019,677
DK,2,DK04,Midtjylland,EMP,2021,2020,675.01
DK,2,DK04,Midtjylland,B1G,2022,2021,450553.55
DK,2,DK04,Midtjylland,EMP,2022,2021,690.64
DK,2,DK04,Midtjylland,D1,2022,2012,208911
DK,2,DK04,Midtjylland,D1,2022,2013,210819
DK,2,DK04,Midtjylland,D1,2022,2014,215885
DK,2,DK04,Midtjylland,D1,2022,2015,221803
DK,2,DK04,Midtjylland,D1,2022,2016,228767
DK,2,DK04,Midtjylland,D1,2022,2017,238414
DK,2,DK04,Midtjylland,D1,2022,2018,246839
DK,2,DK04,Midtjylland,D1,2022,2019,254965
DK,2,DK04,Midtjylland,D1,2022,2020,260682
DK,2,DK04,Midtjylland,B1G,2022,2012,331164
DK,2,DK04,Midtjylland,B1G,2022,2013,337525
DK,2,DK04,Midtjylland,B1G,2022,2014,347184
DK,2,DK04,Midtjylland,B1G,2022,2015,350496
DK,2,DK04,Midtjylland,B1G,2022,2016,380466
DK,2,DK04,Midtjylland,B1G,2022,2017,395485
DK,2,DK04,Midtjylland,B1G,2022,2018,403212
DK,2,DK04,Midtjylland,B1G,2022,2019,421793
DK,2,DK04,Midtjylland,B1G,2022,2020,430443
DK,2,DK04,Midtjylland,EMP,2022,2012,626
DK,2,DK04,Midtjylland,EMP,2022,2013,623
DK,2,DK04,Midtjylland,EMP,2022,2014,628
DK,2,DK04,Midtjylland,EMP,2022,2015,634
DK,2,DK04,Midtjylland,EMP,2022,2016,645
DK,2,DK04,Midtjylland,EMP,2022,2017,661
DK,2,DK04,Midtjylland,EMP,2022,2018,669
DK,2,DK04,Midtjylland,EMP,2022,2019,678
DK,2,DK04,Midtjylland,EMP,2022,2020,676
DK,2,DK04,Midtjylland,B6N,2022,2012,181375
DK,2,DK04,Midtjylland,B6N,2022,2013,186438
DK,2,DK04,Midtjylland,B6N,2022,2014,187480
DK,2,DK04,Midtjylland,B6N,2022,2015,196690
DK,2,DK04,Midtjylland,B6N,2022,2016,205891
DK,2,DK04,Midtjylland,B6N,2022,2017,212829
DK,2,DK04,Midtjylland,B6N,2022,2018,219985
DK,2,DK04,Midtjylland,B6N,2022,2019,227376
DK,2,DK04,Midtjylland,B6N,2022,2020,228771
DK,2,DK05,Nordjylland,B1G,2014,2012,141507.152
DK,2,DK05,Nordjylland,B1G,2014,2013,144576.5381
DK,2,DK05,Nordjylland,B6N,2014,2012,83759.96928
DK,2,DK05,Nordjylland,D1,2014,2012,89558.15175
DK,2,DK05,Nordjylland,EMP,2014,2012,274.2665695
DK,2,DK05,Nordjylland,EMP,2014,2013,275.6238634
DK,2,DK05,Nordjylland,B1G,2015,2012,144046
DK,2,DK05,Nordjylland,B1G,2015,2013,145482
DK,2,DK05,Nordjylland,B1G,2015,2014,148487
DK,2,DK05,Nordjylland,B6N,2015,2012,83874
DK,2,DK05,Nordjylland,B6N,2015,2013,83358
DK,2,DK05,Nordjylland,D1,2015,2012,89781
DK,2,DK05,Nordjylland,D1,2015,2013,90833
DK,2,DK05,Nordjylland,EMP,2015,2012,274
DK,2,DK05,Nordjylland,EMP,2015,2013,271
DK,2,DK05,Nordjylland,EMP,2015,2014,272
DK,2,DK05,Nordjylland,B1G,2016,2012,143587
DK,2,DK05,Nordjylland,B1G,2016,2013,145841
DK,2,DK05,Nordjylland,B1G,2016,2014,148767
DK,2,DK05,Nordjylland,B1G,2016,2015,149863
DK,2,DK05,Nordjylland,B6N,2016,2012,83679
DK,2,DK05,Nordjylland,B6N,2016,2013,85330
DK,2,DK05,Nordjylland,B6N,2016,2014,86389
DK,2,DK05,Nordjylland,D1,2016,2012,88527
DK,2,DK05,Nordjylland,D1,2016,2013,90056
DK,2,DK05,Nordjylland,D1,2016,2014,91560
DK,2,DK05,Nordjylland,EMP,2016,2012,275
DK,2,DK05,Nordjylland,EMP,2016,2013,272
DK,2,DK05,Nordjylland,EMP,2016,2014,273
DK,2,DK05,Nordjylland,EMP,2016,2015,277
DK,2,DK05,Nordjylland,B1G,2017,2012,143587
DK,2,DK05,Nordjylland,B1G,2017,2013,145841
DK,2,DK05,Nordjylland,B1G,2017,2014,147994
DK,2,DK05,Nordjylland,B1G,2017,2015,150699
DK,2,DK05,Nordjylland,B1G,2017,2016,153242
DK,2,DK05,Nordjylland,B6N,2017,2012,82811
DK,2,DK05,Nordjylland,B6N,2017,2013,84656
DK,2,DK05,Nordjylland,B6N,2017,2014,84460
DK,2,DK05,Nordjylland,B6N,2017,2015,88639
DK,2,DK05,Nordjylland,D1,2017,2012,88527
DK,2,DK05,Nordjylland,D1,2017,2013,90056
DK,2,DK05,Nordjylland,D1,2017,2014,91322
DK,2,DK05,Nordjylland,D1,2017,2015,92793
DK,2,DK05,Nordjylland,EMP,2017,2012,275
DK,2,DK05,Nordjylland,EMP,2017,2013,272
DK,2,DK05,Nordjylland,EMP,2017,2014,274
DK,2,DK05,Nordjylland,EMP,2017,2015,274
DK,2,DK05,Nordjylland,EMP,2017,2016,278
DK,2,DK05,Nordjylland,B1G,2018,2012,143587
DK,2,DK05,Nordjylland,B1G,2018,2013,145841
DK,2,DK05,Nordjylland,B1G,2018,2014,147994
DK,2,DK05,Nordjylland,B1G,2018,2015,152841
DK,2,DK05,Nordjylland,B1G,2018,2016,157713
DK,2,DK05,Nordjylland,B1G,2018,2017,165089.1
DK,2,DK05,Nordjylland,B6N,2018,2012,82811
DK,2,DK05,Nordjylland,B6N,2018,2013,84656
DK,2,DK05,Nordjylland,B6N,2018,2014,84868
DK,2,DK05,Nordjylland,B6N,2018,2015,88264
DK,2,DK05,Nordjylland,B6N,2018,2016,92158
DK,2,DK05,Nordjylland,D1,2018,2012,88527
DK,2,DK05,Nordjylland,D1,2018,2013,90056
DK,2,DK05,Nordjylland,D1,2018,2014,91271
DK,2,DK05,Nordjylland,D1,2018,2015,93050
DK,2,DK05,Nordjylland,D1,2018,2016,96343
DK,2,DK05,Nordjylland,EMP,2018,2012,275
DK,2,DK05,Nordjylland,EMP,2018,2013,272
DK,2,DK05,Nordjylland,EMP,2018,2014,274
DK,2,DK05,Nordjylland,EMP,2018,2015,275
DK,2,DK05,Nordjylland,EMP,2018,2016,278
DK,2,DK05,Nordjylland,EMP,2018,2017,282.1
DK,2,DK05,Nordjylland,B1G,2019,2012,143587
DK,2,DK05,Nordjylland,B1G,2019,2013,145841
DK,2,DK05,Nordjylland,B1G,2019,2014,147994
DK,2,DK05,Nordjylland,B1G,2019,2015,152841
DK,2,DK05,Nordjylland,B1G,2019,2016,157570
DK,2,DK05,Nordjylland,B1G,2019,2017,163893
DK,2,DK05,Nordjylland,B1G,2019,2018,168783.63
DK,2,DK05,Nordjylland,B6N,2019,2012,82811
DK,2,DK05,Nordjylland,B6N,2019,2013,84656
DK,2,DK05,Nordjylland,B6N,2019,2014,84868
DK,2,DK05,Nordjylland,B6N,2019,2015,88264
DK,2,DK05,Nordjylland,B6N,2019,2016,91880
DK,2,DK05,Nordjylland,B6N,2019,2017,94863
DK,2,DK05,Nordjylland,D1,2019,2012,88527
DK,2,DK05,Nordjylland,D1,2019,2013,90056
DK,2,DK05,Nordjylland,D1,2019,2014,91271
DK,2,DK05,Nordjylland,D1,2019,2015,93050
DK,2,DK05,Nordjylland,D1,2019,2016,96446
DK,2,DK05,Nordjylland,D1,2019,2017,98509
DK,2,DK05,Nordjylland,EMP,2019,2012,275
DK,2,DK05,Nordjylland,EMP,2019,2013,272
DK,2,DK05,Nordjylland,EMP,2019,2014,274
DK,2,DK05,Nordjylland,EMP,2019,2015,275
DK,2,DK05,Nordjylland,EMP,2019,2016,279
DK,2,DK05,Nordjylland,EMP,2019,2017,281
DK,2,DK05,Nordjylland,EMP,2019,2018,284.99
DK,2,DK05,Nordjylland,B1G,2020,2012,143587
DK,2,DK05,Nordjylland,B1G,2020,2013,145841
DK,2,DK05,Nordjylland,B1G,2020,2014,147994
DK,2,DK05,Nordjylland,B1G,2020,2015,152841
DK,2,DK05,Nordjylland,B1G,2020,2016,157570
DK,2,DK05,Nordjylland,B1G,2020,2017,164657
DK,2,DK05,Nordjylland,B1G,2020,2018,166989
DK,2,DK05,Nordjylland,B1G,2020,2019,173044
DK,2,DK05,Nordjylland,B6N,2020,2012,82811
DK,2,DK05,Nordjylland,B6N,2020,2013,84656
DK,2,DK05,Nordjylland,B6N,2020,2014,84868
DK,2,DK05,Nordjylland,B6N,2020,2015,88264
DK,2,DK05,Nordjylland,B6N,2020,2016,91880
DK,2,DK05,Nordjylland,B6N,2020,2017,94827
DK,2,DK05,Nordjylland,B6N,2020,2018,97286
DK,2,DK05,Nordjylland,D1,2020,2012,88527
DK,2,DK05,Nordjylland,D1,2020,2013,90056
DK,2,DK05,Nordjylland,D1,2020,2014,91271
DK,2,DK05,Nordjylland,D1,2020,2015,93050
DK,2,DK05,Nordjylland,D1,2020,2016,96446
DK,2,DK05,Nordjylland,D1,2020,2017,98825
DK,2,DK05,Nordjylland,D1,2020,2018,101882
DK,2,DK05,Nordjylland,EMP,2020,2012,275
DK,2,DK05,Nordjylland,EMP,2020,2013,272
DK,2,DK05,Nordjylland,EMP,2020,2014,274
DK,2,DK05,Nordjylland,EMP,2020,2015,275
DK,2,DK05,Nordjylland,EMP,2020,2016,279
DK,2,DK05,Nordjylland,EMP,2020,2017,281
DK,2,DK05,Nordjylland,EMP,2020,2018,286
DK,2,DK05,Nordjylland,EMP,2020,2019,286.26
DK,2,DK05,Nordjylland,B1G,2021,2012,143587
DK,2,DK05,Nordjylland,B1G,2021,2013,145841
DK,2,DK05,Nordjylland,B1G,2021,2014,147994
DK,2,DK05,Nordjylland,B1G,2021,2015,152841
DK,2,DK05,Nordjylland,B1G,2021,2016,157570
DK,2,DK05,Nordjylland,B1G,2021,2017,164657
DK,2,DK05,Nordjylland,B1G,2021,2018,166165
DK,2,DK05,Nordjylland,B1G,2021,2019,170441
DK,2,DK05,Nordjylland,B1G,2021,2020,170768.12
DK,2,DK05,Nordjylland,B6N,2021,2012,82811
DK,2,DK05,Nordjylland,B6N,2021,2013,84656
DK,2,DK05,Nordjylland,B6N,2021,2014,84868
DK,2,DK05,Nordjylland,B6N,2021,2015,88264
DK,2,DK05,Nordjylland,B6N,2021,2016,91880
DK,2,DK05,Nordjylland,B6N,2021,2017,94827
DK,2,DK05,Nordjylland,B6N,2021,2018,97279
DK,2,DK05,Nordjylland,B6N,2021,2019,99975
DK,2,DK05,Nordjylland,D1,2021,2012,88527
DK,2,DK05,Nordjylland,D1,2021,2013,90056
DK,2,DK05,Nordjylland,D1,2021,2014,91271
DK,2,DK05,Nordjylland,D1,2021,2015,93050
DK,2,DK05,Nordjylland,D1,2021,2016,96446
DK,2,DK05,Nordjylland,D1,2021,2017,98825
DK,2,DK05,Nordjylland,D1,2021,2018,101763
DK,2,DK05,Nordjylland,D1,2021,2019,103981
DK,2,DK05,Nordjylland,EMP,2021,2012,275
DK,2,DK05,Nordjylland,EMP,2021,2013,272
DK,2,DK05,Nordjylland,EMP,2021,2014,274
DK,2,DK05,Nordjylland,EMP,2021,2015,275
DK,2,DK05,Nordjylland,EMP,2021,2016,279
DK,2,DK05,Nordjylland,EMP,2021,2017,281
DK,2,DK05,Nordjylland,EMP,2021,2018,286
DK,2,DK05,Nordjylland,EMP,2021,2019,286
DK,2,DK05,Nordjylland,EMP,2021,2020,284.43
DK,2,DK05,Nordjylland,B1G,2022,2021,174040.7
DK,2,DK05,Nordjylland,EMP,2022,2021,289.25
DK,2,DK05,Nordjylland,D1,2022,2012,88527
DK,2,DK05,Nordjylland,D1,2022,2013,90056
DK,2,DK05,Nordjylland,D1,2022,2014,91271
DK,2,DK05,Nordjylland,D1,2022,2015,93050
DK,2,DK05,Nordjylland,D1,2022,2016,96446
DK,2,DK05,Nordjylland,D1,2022,2017,98825
DK,2,DK05,Nordjylland,D1,2022,2018,101763
DK,2,DK05,Nordjylland,D1,2022,2019,104140
DK,2,DK05,Nordjylland,D1,2022,2020,105633
DK,2,DK05,Nordjylland,B1G,2022,2012,143587
DK,2,DK05,Nordjylland,B1G,2022,2013,145841
DK,2,DK05,Nordjylland,B1G,2022,2014,147994
DK,2,DK05,Nordjylland,B1G,2022,2015,152841
DK,2,DK05,Nordjylland,B1G,2022,2016,157570
DK,2,DK05,Nordjylland,B1G,2022,2017,164657
DK,2,DK05,Nordjylland,B1G,2022,2018,166165
DK,2,DK05,Nordjylland,B1G,2022,2019,170139
DK,2,DK05,Nordjylland,B1G,2022,2020,168548
DK,2,DK05,Nordjylland,EMP,2022,2012,275
DK,2,DK05,Nordjylland,EMP,2022,2013,272
DK,2,DK05,Nordjylland,EMP,2022,2014,274
DK,2,DK05,Nordjylland,EMP,2022,2015,275
DK,2,DK05,Nordjylland,EMP,2022,2016,279
DK,2,DK05,Nordjylland,EMP,2022,2017,281
DK,2,DK05,Nordjylland,EMP,2022,2018,286
DK,2,DK05,Nordjylland,EMP,2022,2019,287
DK,2,DK05,Nordjylland,EMP,2022,2020,284
DK,2,DK05,Nordjylland,B6N,2022,2012,82811
DK,2,DK05,Nordjylland,B6N,2022,2013,84656
DK,2,DK05,Nordjylland,B6N,2022,2014,84868
DK,2,DK05,Nordjylland,B6N,2022,2015,88264
DK,2,DK05,Nordjylland,B6N,2022,2016,91880
DK,2,DK05,Nordjylland,B6N,2022,2017,94827
DK,2,DK05,Nordjylland,B6N,2022,2018,97279
DK,2,DK05,Nordjylland,B6N,2022,2019,100142
DK,2,DK05,Nordjylland,B6N,2022,2020,100636
DK,2,DKZZ,Extra-regio,B1G,2014,2012,54604.14585
DK,2,DKZZ,Extra-regio,B1G,2014,2013,40878.35578
DK,2,DKZZ,Extra-regio,D1,2014,2012,4853.941395
DK,2,DKZZ,Extra-regio,EMP,2014,2012,6.904711511
DK,2,DKZZ,Extra-regio,EMP,2014,2013,6.241895676
DK,2,DKZZ,Extra-regio,B1G,2015,2012,57421
DK,2,DKZZ,Extra-regio,B1G,2015,2013,50278
DK,2,DKZZ,Extra-regio,B1G,2015,2014,43964
DK,2,DKZZ,Extra-regio,D1,2015,2012,5047
DK,2,DKZZ,Extra-regio,D1,2015,2013,4528
DK,2,DKZZ,Extra-regio,EMP,2015,2012,7
DK,2,DKZZ,Extra-regio,EMP,2015,2013,6
DK,2,DKZZ,Extra-regio,EMP,2015,2014,6
DK,2,DKZZ,Extra-regio,B1G,2016,2012,57441
DK,2,DKZZ,Extra-regio,B1G,2016,2013,48747
DK,2,DKZZ,Extra-regio,B1G,2016,2014,41179
DK,2,DKZZ,Extra-regio,B1G,2016,2015,27687
DK,2,DKZZ,Extra-regio,D1,2016,2012,5061
DK,2,DKZZ,Extra-regio,D1,2016,2013,4903
DK,2,DKZZ,Extra-regio,D1,2016,2014,4402
DK,2,DKZZ,Extra-regio,EMP,2016,2012,7
DK,2,DKZZ,Extra-regio,EMP,2016,2013,7
DK,2,DKZZ,Extra-regio,EMP,2016,2014,6
DK,2,DKZZ,Extra-regio,EMP,2016,2015,6
DK,2,DKZZ,Extra-regio,B1G,2017,2012,57441
DK,2,DKZZ,Extra-regio,B1G,2017,2013,48747
DK,2,DKZZ,Extra-regio,B1G,2017,2014,40692
DK,2,DKZZ,Extra-regio,B1G,2017,2015,28516
DK,2,DKZZ,Extra-regio,B1G,2017,2016,23852
DK,2,DKZZ,Extra-regio,D1,2017,2012,5061
DK,2,DKZZ,Extra-regio,D1,2017,2013,4903
DK,2,DKZZ,Extra-regio,D1,2017,2014,4852
DK,2,DKZZ,Extra-regio,D1,2017,2015,5506
DK,2,DKZZ,Extra-regio,EMP,2017,2012,7
DK,2,DKZZ,Extra-regio,EMP,2017,2013,7
DK,2,DKZZ,Extra-regio,EMP,2017,2014,7
DK,2,DKZZ,Extra-regio,EMP,2017,2015,8
DK,2,DKZZ,Extra-regio,EMP,2017,2016,7
DK,2,DKZZ,Extra-regio,B1G,2018,2012,57441
DK,2,DKZZ,Extra-regio,B1G,2018,2013,48747
DK,2,DKZZ,Extra-regio,B1G,2018,2014,40692
DK,2,DKZZ,Extra-regio,B1G,2018,2015,25541
DK,2,DKZZ,Extra-regio,B1G,2018,2016,21668
DK,2,DKZZ,Extra-regio,B1G,2018,2017,24408.5
DK,2,DKZZ,Extra-regio,D1,2018,2012,5061
DK,2,DKZZ,Extra-regio,D1,2018,2013,4903
DK,2,DKZZ,Extra-regio,D1,2018,2014,4854
DK,2,DKZZ,Extra-regio,D1,2018,2015,5209
DK,2,DKZZ,Extra-regio,D1,2018,2016,5831
DK,2,DKZZ,Extra-regio,EMP,2018,2012,7
DK,2,DKZZ,Extra-regio,EMP,2018,2013,7
DK,2,DKZZ,Extra-regio,EMP,2018,2014,7
DK,2,DKZZ,Extra-regio,EMP,2018,2015,7
DK,2,DKZZ,Extra-regio,EMP,2018,2016,7
DK,2,DKZZ,Extra-regio,EMP,2018,2017,6.6
DK,2,DKZZ,Extra-regio,B1G,2019,2012,57441
DK,2,DKZZ,Extra-regio,B1G,2019,2013,48747
DK,2,DKZZ,Extra-regio,B1G,2019,2014,40692
DK,2,DKZZ,Extra-regio,B1G,2019,2015,25541
DK,2,DKZZ,Extra-regio,B1G,2019,2016,22419
DK,2,DKZZ,Extra-regio,B1G,2019,2017,21884
DK,2,DKZZ,Extra-regio,B1G,2019,2018,22599.27
DK,2,DKZZ,Extra-regio,D1,2019,2012,5061
DK,2,DKZZ,Extra-regio,D1,2019,2013,4903
DK,2,DKZZ,Extra-regio,D1,2019,2014,4854
DK,2,DKZZ,Extra-regio,D1,2019,2015,5209
DK,2,DKZZ,Extra-regio,D1,2019,2016,5821
DK,2,DKZZ,Extra-regio,D1,2019,2017,5017
DK,2,DKZZ,Extra-regio,EMP,2019,2012,7
DK,2,DKZZ,Extra-regio,EMP,2019,2013,7
DK,2,DKZZ,Extra-regio,EMP,2019,2014,7
DK,2,DKZZ,Extra-regio,EMP,2019,2015,7
DK,2,DKZZ,Extra-regio,EMP,2019,2016,6
DK,2,DKZZ,Extra-regio,EMP,2019,2017,4
DK,2,DKZZ,Extra-regio,EMP,2019,2018,4.65
DK,2,DKZZ,Extra-regio,B1G,2020,2012,57441
DK,2,DKZZ,Extra-regio,B1G,2020,2013,48747
DK,2,DKZZ,Extra-regio,B1G,2020,2014,40692
DK,2,DKZZ,Extra-regio,B1G,2020,2015,25541
DK,2,DKZZ,Extra-regio,B1G,2020,2016,22419
DK,2,DKZZ,Extra-regio,B1G,2020,2017,22045
DK,2,DKZZ,Extra-regio,B1G,2020,2018,26087
DK,2,DKZZ,Extra-regio,B1G,2020,2019,25906.39
DK,2,DKZZ,Extra-regio,D1,2020,2012,5061
DK,2,DKZZ,Extra-regio,D1,2020,2013,4903
DK,2,DKZZ,Extra-regio,D1,2020,2014,4854
DK,2,DKZZ,Extra-regio,D1,2020,2015,5209
DK,2,DKZZ,Extra-regio,D1,2020,2016,5821
DK,2,DKZZ,Extra-regio,D1,2020,2017,5046
DK,2,DKZZ,Extra-regio,D1,2020,2018,6100
DK,2,DKZZ,Extra-regio,EMP,2020,2012,7
DK,2,DKZZ,Extra-regio,EMP,2020,2013,7
DK,2,DKZZ,Extra-regio,EMP,2020,2014,7
DK,2,DKZZ,Extra-regio,EMP,2020,2015,7
DK,2,DKZZ,Extra-regio,EMP,2020,2016,6
DK,2,DKZZ,Extra-regio,EMP,2020,2017,4
DK,2,DKZZ,Extra-regio,EMP,2020,2018,6
DK,2,DKZZ,Extra-regio,EMP,2020,2019,8.34
DK,2,DKZZ,Extra-regio,B1G,2021,2012,57441
DK,2,DKZZ,Extra-regio,B1G,2021,2013,48747
DK,2,DKZZ,Extra-regio,B1G,2021,2014,40692
DK,2,DKZZ,Extra-regio,B1G,2021,2015,25541
DK,2,DKZZ,Extra-regio,B1G,2021,2016,22419
DK,2,DKZZ,Extra-regio,B1G,2021,2017,22045
DK,2,DKZZ,Extra-regio,B1G,2021,2018,25856
DK,2,DKZZ,Extra-regio,B1G,2021,2019,21593
DK,2,DKZZ,Extra-regio,B1G,2021,2020,15647.39
DK,2,DKZZ,Extra-regio,D1,2021,2012,5061
DK,2,DKZZ,Extra-regio,D1,2021,2013,4903
DK,2,DKZZ,Extra-regio,D1,2021,2014,4854
DK,2,DKZZ,Extra-regio,D1,2021,2015,5209
DK,2,DKZZ,Extra-regio,D1,2021,2016,5821
DK,2,DKZZ,Extra-regio,D1,2021,2017,5046
DK,2,DKZZ,Extra-regio,D1,2021,2018,6069
DK,2,DKZZ,Extra-regio,D1,2021,2019,6073
DK,2,DKZZ,Extra-regio,EMP,2021,2012,7
DK,2,DKZZ,Extra-regio,EMP,2021,2013,7
DK,2,DKZZ,Extra-regio,EMP,2021,2014,7
DK,2,DKZZ,Extra-regio,EMP,2021,2015,7
DK,2,DKZZ,Extra-regio,EMP,2021,2016,6
DK,2,DKZZ,Extra-regio,EMP,2021,2017,4
DK,2,DKZZ,Extra-regio,EMP,2021,2018,5
DK,2,DKZZ,Extra-regio,EMP,2021,2019,6
DK,2,DKZZ,Extra-regio,EMP,2021,2020,7.73
DK,2,DKZZ,Extra-regio,B1G,2022,2021,16341.49
DK,2,DKZZ,Extra-regio,EMP,2022,2021,5.34
DK,2,DKZZ,Extra-regio,D1,2022,2012,5061
DK,2,DKZZ,Extra-regio,D1,2022,2013,4903
DK,2,DKZZ,Extra-regio,D1,2022,2014,4854
DK,2,DKZZ,Extra-regio,D1,2022,2015,5209
DK,2,DKZZ,Extra-regio,D1,2022,2016,5821
DK,2,DKZZ,Extra-regio,D1,2022,2017,5046
DK,2,DKZZ,Extra-regio,D1,2022,2018,6069
DK,2,DKZZ,Extra-regio,D1,2022,2019,6136
DK,2,DKZZ,Extra-regio,D1,2022,2020,5946
DK,2,DKZZ,Extra-regio,B1G,2022,2012,57441
DK,2,DKZZ,Extra-regio,B1G,2022,2013,48747
DK,2,DKZZ,Extra-regio,B1G,2022,2014,40692
DK,2,DKZZ,Extra-regio,B1G,2022,2015,25541
DK,2,DKZZ,Extra-regio,B1G,2022,2016,22419
DK,2,DKZZ,Extra-regio,B1G,2022,2017,22045
DK,2,DKZZ,Extra-regio,B1G,2022,2018,25856
DK,2,DKZZ,Extra-regio,B1G,2022,2019,20305
DK,2,DKZZ,Extra-regio,B1G,2022,2020,12327
DK,2,DKZZ,Extra-regio,EMP,2022,2012,7
DK,2,DKZZ,Extra-regio,EMP,2022,2013,7
DK,2,DKZZ,Extra-regio,EMP,2022,2014,7
DK,2,DKZZ,Extra-regio,EMP,2022,2015,7
DK,2,DKZZ,Extra-regio,EMP,2022,2016,6
DK,2,DKZZ,Extra-regio,EMP,2022,2017,4
DK,2,DKZZ,Extra-regio,EMP,2022,2018,5
DK,2,DKZZ,Extra-regio,EMP,2022,2019,6
DK,2,DKZZ,Extra-regio,EMP,2022,2020,6
